sitename,cultivar,canopy_height,aboveground_dry_biomass,flag_leaf_emergence_time,flowering_time
MAC Field Scanner Season 4 Range 10 Column 10,PI152816,340.0,24040.0,,
MAC Field Scanner Season 4 Range 10 Column 11,PI195754,278.0,29400.0,,
MAC Field Scanner Season 4 Range 10 Column 12,PI329501,369.0,12180.0,,
MAC Field Scanner Season 4 Range 10 Column 13,PI641860,270.0,35400.0,91.0,
MAC Field Scanner Season 4 Range 10 Column 14,PI19770,263.0,19660.0,,
MAC Field Scanner Season 4 Range 10 Column 15,PI144134,331.0,16480.0,77.0,90.0
MAC Field Scanner Season 4 Range 10 Column 2,PI641807,307.0,33010.0,77.0,
MAC Field Scanner Season 4 Range 10 Column 3,PI175919,246.0,20920.0,,
MAC Field Scanner Season 4 Range 10 Column 4,PI297155,200.0,12780.0,,
MAC Field Scanner Season 4 Range 10 Column 5,PI641821,337.0,43730.0,70.0,74.0
MAC Field Scanner Season 4 Range 10 Column 6,PI179749,320.0,24430.0,50.0,56.0
MAC Field Scanner Season 4 Range 10 Column 7,PI255744,205.0,27500.0,,
MAC Field Scanner Season 4 Range 10 Column 8,PI586435,230.0,24690.0,,
MAC Field Scanner Season 4 Range 10 Column 9,PI641909,350.0,35050.0,,
MAC Field Scanner Season 4 Range 11 Column 10,PI561840,242.0,20140.0,72.0,74.0
MAC Field Scanner Season 4 Range 11 Column 11,PI533792,313.0,11030.0,50.0,56.0
MAC Field Scanner Season 4 Range 11 Column 12,PI656065,195.0,20880.0,,
MAC Field Scanner Season 4 Range 11 Column 13,PI535793,170.0,25330.0,62.0,64.0
MAC Field Scanner Season 4 Range 11 Column 14,PI535794,346.0,7179.0,62.0,68.0
MAC Field Scanner Season 4 Range 11 Column 15,PI535796,321.0,23100.0,62.0,68.0
MAC Field Scanner Season 4 Range 11 Column 2,PI576399,284.0,18200.0,72.0,90.0
MAC Field Scanner Season 4 Range 11 Column 3,PI655978,291.0,8921.0,64.0,69.0
MAC Field Scanner Season 4 Range 11 Column 4,PI180348,232.0,18790.0,50.0,56.0
MAC Field Scanner Season 4 Range 11 Column 5,PI181083,255.0,26280.0,46.0,54.0
MAC Field Scanner Season 4 Range 11 Column 6,PI564163,283.0,11630.0,62.0,68.0
MAC Field Scanner Season 4 Range 11 Column 7,PI656015,191.0,22030.0,,
MAC Field Scanner Season 4 Range 11 Column 8,PI534165,94.0,9515.0,,
MAC Field Scanner Season 4 Range 11 Column 9,PI52606,281.0,22080.0,62.0,68.0
MAC Field Scanner Season 4 Range 12 Column 10,PI562981,268.0,23830.0,,
MAC Field Scanner Season 4 Range 12 Column 11,PI569443,285.0,25160.0,,
MAC Field Scanner Season 4 Range 12 Column 12,PI641829,297.0,26620.0,70.0,74.0
MAC Field Scanner Season 4 Range 12 Column 13,PI641824,286.0,26520.0,70.0,78.0
MAC Field Scanner Season 4 Range 12 Column 14,PI570109,331.0,15130.0,,
MAC Field Scanner Season 4 Range 12 Column 15,PI641825,289.0,18050.0,62.0,68.0
MAC Field Scanner Season 4 Range 12 Column 2,PI533998,367.0,2252.0,70.0,71.0
MAC Field Scanner Season 4 Range 12 Column 3,PI253986,368.0,37320.0,,
MAC Field Scanner Season 4 Range 12 Column 4,PI655983,291.0,24960.0,,
MAC Field Scanner Season 4 Range 12 Column 5,PI181080,293.0,17590.0,48.0,55.0
MAC Field Scanner Season 4 Range 12 Column 6,PI221548,312.0,45750.0,,
MAC Field Scanner Season 4 Range 12 Column 7,PI213900,299.0,14250.0,50.0,54.0
MAC Field Scanner Season 4 Range 12 Column 8,PI641836,273.0,21390.0,,
MAC Field Scanner Season 4 Range 12 Column 9,PI35038,253.0,21660.0,68.0,71.0
MAC Field Scanner Season 4 Range 13 Column 10,PI152862,312.0,29310.0,,
MAC Field Scanner Season 4 Range 13 Column 11,PI152967,310.0,25900.0,,
MAC Field Scanner Season 4 Range 13 Column 12,PI514456,337.0,16450.0,,
MAC Field Scanner Season 4 Range 13 Column 13,PI563032,353.0,18720.0,,
MAC Field Scanner Season 4 Range 13 Column 14,PI154844,356.0,32360.0,,
MAC Field Scanner Season 4 Range 13 Column 15,PI156268,380.0,8841.0,,
MAC Field Scanner Season 4 Range 13 Column 2,PI297171,338.0,45400.0,,
MAC Field Scanner Season 4 Range 13 Column 3,PI330833,323.0,16430.0,,
MAC Field Scanner Season 4 Range 13 Column 4,PI569244,320.0,26630.0,,
MAC Field Scanner Season 4 Range 13 Column 5,PI586443,319.0,8775.0,,
MAC Field Scanner Season 4 Range 13 Column 6,PI562994,281.0,17550.0,,
MAC Field Scanner Season 4 Range 13 Column 7,PI329711,272.0,43840.0,,
MAC Field Scanner Season 4 Range 13 Column 8,PI329480,267.0,11580.0,,
MAC Field Scanner Season 4 Range 13 Column 9,PI329585,302.0,17530.0,,
MAC Field Scanner Season 4 Range 14 Column 10,PI196583,317.0,13680.0,,
MAC Field Scanner Season 4 Range 14 Column 11,PI570393,308.0,20780.0,,
MAC Field Scanner Season 4 Range 14 Column 12,PI329605,326.0,13390.0,,
MAC Field Scanner Season 4 Range 14 Column 13,PI563222,360.0,21420.0,,
MAC Field Scanner Season 4 Range 14 Column 14,PI156326,375.0,18340.0,,
MAC Field Scanner Season 4 Range 14 Column 15,PI641850,380.0,30060.0,91.0,
MAC Field Scanner Season 4 Range 14 Column 2,PI330182,315.0,1137.0,,
MAC Field Scanner Season 4 Range 14 Column 3,PI505717,344.0,20780.0,,
MAC Field Scanner Season 4 Range 14 Column 4,PI562985,302.0,21730.0,,
MAC Field Scanner Season 4 Range 14 Column 5,PI562997,320.0,32520.0,,
MAC Field Scanner Season 4 Range 14 Column 6,PI329550,305.0,29740.0,,
MAC Field Scanner Season 4 Range 14 Column 7,PI329618,333.0,7152.0,,
MAC Field Scanner Season 4 Range 14 Column 8,PI455307,322.0,30620.0,,
MAC Field Scanner Season 4 Range 14 Column 9,PI251672,325.0,22490.0,91.0,
MAC Field Scanner Season 4 Range 15 Column 10,PI513898,386.0,5146.0,,
MAC Field Scanner Season 4 Range 15 Column 11,PI329466,377.0,31880.0,,
MAC Field Scanner Season 4 Range 15 Column 12,PI154944,395.0,31370.0,,
MAC Field Scanner Season 4 Range 15 Column 13,PI273465,341.0,21870.0,,
MAC Field Scanner Season 4 Range 15 Column 14,PI620157,304.0,22940.0,,
MAC Field Scanner Season 4 Range 15 Column 15,PI506030,348.0,15830.0,,
MAC Field Scanner Season 4 Range 15 Column 2,PI329645,322.0,38120.0,,
MAC Field Scanner Season 4 Range 15 Column 3,PI570114,281.0,14550.0,,
MAC Field Scanner Season 4 Range 15 Column 4,PI156890,274.0,16670.0,,
MAC Field Scanner Season 4 Range 15 Column 5,PI569418,311.0,24400.0,,
MAC Field Scanner Season 4 Range 15 Column 6,PI583832,323.0,36430.0,,
MAC Field Scanner Season 4 Range 15 Column 7,PI152971,340.0,28380.0,,
MAC Field Scanner Season 4 Range 15 Column 8,PI329864,357.0,22310.0,,
MAC Field Scanner Season 4 Range 15 Column 9,PI329301,381.0,61030.0,,
MAC Field Scanner Season 4 Range 16 Column 10,PI569465,330.0,10310.0,,
MAC Field Scanner Season 4 Range 16 Column 11,PI585966,346.0,21200.0,,
MAC Field Scanner Season 4 Range 16 Column 12,PI570076,365.0,25860.0,,
MAC Field Scanner Season 4 Range 16 Column 13,PI146890,335.0,22990.0,,
MAC Field Scanner Season 4 Range 16 Column 14,PI570254,328.0,30150.0,,
MAC Field Scanner Season 4 Range 16 Column 15,PI562991,344.0,12860.0,,
MAC Field Scanner Season 4 Range 16 Column 2,PI152727,341.0,24380.0,,
MAC Field Scanner Season 4 Range 16 Column 3,PI569886,308.0,13360.0,,
MAC Field Scanner Season 4 Range 16 Column 4,PI562970,266.0,35010.0,,
MAC Field Scanner Season 4 Range 16 Column 5,PI506069,323.0,27770.0,,
MAC Field Scanner Season 4 Range 16 Column 6,PI329546,292.0,28620.0,,
MAC Field Scanner Season 4 Range 16 Column 7,PI152651,323.0,14720.0,41.0,50.0
MAC Field Scanner Season 4 Range 16 Column 8,PI563022,342.0,21800.0,,
MAC Field Scanner Season 4 Range 16 Column 9,PI566819,341.0,34610.0,,
MAC Field Scanner Season 4 Range 17 Column 10,PI569420,354.0,9096.0,,
MAC Field Scanner Season 4 Range 17 Column 11,PI196049,355.0,40800.0,,
MAC Field Scanner Season 4 Range 17 Column 12,PI505735,359.0,23810.0,,
MAC Field Scanner Season 4 Range 17 Column 13,PI586541,257.0,22810.0,,
MAC Field Scanner Season 4 Range 17 Column 14,PI152860,370.0,23790.0,,
MAC Field Scanner Season 4 Range 17 Column 15,PI455301,278.0,22780.0,,
MAC Field Scanner Season 4 Range 17 Column 2,PI329541,330.0,5851.0,,
MAC Field Scanner Season 4 Range 17 Column 3,PI329702,341.0,23660.0,,
MAC Field Scanner Season 4 Range 17 Column 4,PI570090,186.0,13400.0,,
MAC Field Scanner Season 4 Range 17 Column 5,PI329394,371.0,23570.0,,
MAC Field Scanner Season 4 Range 17 Column 6,PI570400,164.0,17290.0,,
MAC Field Scanner Season 4 Range 17 Column 7,PI157030,325.0,32720.0,,
MAC Field Scanner Season 4 Range 17 Column 8,PI569264,300.0,33250.0,,
MAC Field Scanner Season 4 Range 17 Column 9,PI229841,295.0,32590.0,,
MAC Field Scanner Season 4 Range 18 Column 10,PI646266,197.0,18680.0,,
MAC Field Scanner Season 4 Range 18 Column 11,PI641862,249.0,24030.0,57.0,64.0
MAC Field Scanner Season 4 Range 18 Column 12,PI655981,236.0,15260.0,56.0,61.0
MAC Field Scanner Season 4 Range 18 Column 13,PI641817,215.0,24780.0,56.0,64.0
MAC Field Scanner Season 4 Range 18 Column 14,PI569425,149.0,22410.0,,
MAC Field Scanner Season 4 Range 18 Column 15,PI218112,183.0,14890.0,48.0,56.0
MAC Field Scanner Season 4 Range 18 Column 2,PI570042,120.0,9693.0,,
MAC Field Scanner Season 4 Range 18 Column 3,PI196598,248.0,30080.0,77.0,90.0
MAC Field Scanner Season 4 Range 18 Column 4,PI540518,182.0,11840.0,70.0,72.0
MAC Field Scanner Season 4 Range 18 Column 5,PI656035,349.0,61020.0,70.0,72.0
MAC Field Scanner Season 4 Range 18 Column 6,PI217691,320.0,17300.0,66.0,68.0
MAC Field Scanner Season 4 Range 18 Column 7,PI570047,348.0,19500.0,,
MAC Field Scanner Season 4 Range 18 Column 8,PI145633,275.0,30420.0,,
MAC Field Scanner Season 4 Range 18 Column 9,PI535785,258.0,30280.0,77.0,
MAC Field Scanner Season 4 Range 19 Column 10,PI152730,346.0,17040.0,91.0,
MAC Field Scanner Season 4 Range 19 Column 11,PI452692,384.0,34880.0,,
MAC Field Scanner Season 4 Range 19 Column 12,PI167093,195.0,18150.0,77.0,83.0
MAC Field Scanner Season 4 Range 19 Column 13,PI329310,265.0,28610.0,,
MAC Field Scanner Season 4 Range 19 Column 14,PI563196,350.0,23380.0,,
MAC Field Scanner Season 4 Range 19 Column 15,PI329699,349.0,,,
MAC Field Scanner Season 4 Range 19 Column 2,PI524475,310.0,12310.0,,
MAC Field Scanner Season 4 Range 19 Column 3,PI153877,314.0,31890.0,,
MAC Field Scanner Season 4 Range 19 Column 4,PI569455,173.0,26270.0,,
MAC Field Scanner Season 4 Range 19 Column 5,PI585461,376.0,25550.0,,
MAC Field Scanner Season 4 Range 19 Column 6,PI330185,330.0,52200.0,,
MAC Field Scanner Season 4 Range 19 Column 7,PI157035,257.0,19730.0,,
MAC Field Scanner Season 4 Range 19 Column 8,PI329545,338.0,21020.0,,
MAC Field Scanner Season 4 Range 19 Column 9,PI455280,350.0,25990.0,,
MAC Field Scanner Season 4 Range 2 Column 10,Big_Kahuna,245.0,11510.0,,
MAC Field Scanner Season 4 Range 2 Column 11,SP1615,390.0,31710.0,,
MAC Field Scanner Season 4 Range 2 Column 12,Big_Kahuna,244.0,18660.0,,
MAC Field Scanner Season 4 Range 2 Column 13,SP1615,256.0,27070.0,,
MAC Field Scanner Season 4 Range 2 Column 14,Big_Kahuna,368.0,15240.0,,
MAC Field Scanner Season 4 Range 2 Column 15,SP1615,374.0,22630.0,,
MAC Field Scanner Season 4 Range 2 Column 2,Big_Kahuna,233.0,15910.0,,
MAC Field Scanner Season 4 Range 2 Column 3,SP1615,264.0,34420.0,,
MAC Field Scanner Season 4 Range 2 Column 4,Big_Kahuna,382.0,17850.0,,
MAC Field Scanner Season 4 Range 2 Column 5,SP1615,258.0,37330.0,,
MAC Field Scanner Season 4 Range 2 Column 6,Big_Kahuna,249.0,13430.0,,
MAC Field Scanner Season 4 Range 2 Column 7,SP1615,394.0,33780.0,,
MAC Field Scanner Season 4 Range 2 Column 8,Big_Kahuna,374.0,21960.0,,
MAC Field Scanner Season 4 Range 2 Column 9,SP1615,263.0,36900.0,,
MAC Field Scanner Season 4 Range 20 Column 10,PI550604,332.0,,56.0,62.0
MAC Field Scanner Season 4 Range 20 Column 11,PI527045,92.0,,,
MAC Field Scanner Season 4 Range 20 Column 12,PI329435,336.0,,,
MAC Field Scanner Season 4 Range 20 Column 13,PI533902,340.0,,70.0,76.0
MAC Field Scanner Season 4 Range 20 Column 14,PI154988,334.0,,,
MAC Field Scanner Season 4 Range 20 Column 15,PI152828,336.0,10480.0,62.0,64.0
MAC Field Scanner Season 4 Range 20 Column 2,PI542718,110.0,,52.0,
MAC Field Scanner Season 4 Range 20 Column 3,PI656026,113.0,,62.0,65.0
MAC Field Scanner Season 4 Range 20 Column 4,PI526905,329.0,12220.0,,56.0
MAC Field Scanner Season 4 Range 20 Column 5,PI593916,97.0,18930.0,56.0,63.0
MAC Field Scanner Season 4 Range 20 Column 6,PI534120,78.0,,72.0,74.0
MAC Field Scanner Season 4 Range 20 Column 7,PI576401,136.0,26630.0,77.0,83.0
MAC Field Scanner Season 4 Range 20 Column 8,PI655972,314.0,20140.0,,
MAC Field Scanner Season 4 Range 20 Column 9,PI535792,112.0,,,
MAC Field Scanner Season 4 Range 21 Column 10,PI563330,371.0,33410.0,,
MAC Field Scanner Season 4 Range 21 Column 11,PI570031,210.0,13300.0,,
MAC Field Scanner Season 4 Range 21 Column 12,PI329511,373.0,28840.0,,
MAC Field Scanner Season 4 Range 21 Column 13,PI570074,359.0,19030.0,,
MAC Field Scanner Season 4 Range 21 Column 14,PI570388,248.0,28420.0,,
MAC Field Scanner Season 4 Range 21 Column 15,PI329632,153.0,9413.0,70.0,72.0
MAC Field Scanner Season 4 Range 21 Column 2,PI570373,284.0,,,
MAC Field Scanner Season 4 Range 21 Column 3,PI329570,156.0,24900.0,,
MAC Field Scanner Season 4 Range 21 Column 4,PI152961,336.0,22270.0,,
MAC Field Scanner Season 4 Range 21 Column 5,PI563332,297.0,18040.0,,
MAC Field Scanner Season 4 Range 21 Column 6,PI155760,278.0,30920.0,,
MAC Field Scanner Season 4 Range 21 Column 7,PI570096,348.0,13420.0,,
MAC Field Scanner Season 4 Range 21 Column 8,PI505722,246.0,37240.0,,
MAC Field Scanner Season 4 Range 21 Column 9,PI569453,366.0,17130.0,,
MAC Field Scanner Season 4 Range 22 Column 10,PI329673,368.0,20740.0,,
MAC Field Scanner Season 4 Range 22 Column 11,PI569435,362.0,15510.0,,
MAC Field Scanner Season 4 Range 22 Column 12,PI570091,171.0,19270.0,,
MAC Field Scanner Season 4 Range 22 Column 13,PI266927,358.0,25090.0,,
MAC Field Scanner Season 4 Range 22 Column 14,PI569462,170.0,36050.0,,
MAC Field Scanner Season 4 Range 22 Column 15,PI619838,339.0,11240.0,,
MAC Field Scanner Season 4 Range 22 Column 2,PI329518,102.0,12510.0,,
MAC Field Scanner Season 4 Range 22 Column 3,PI329665,132.0,16550.0,,
MAC Field Scanner Season 4 Range 22 Column 4,PI563006,337.0,32290.0,,
MAC Field Scanner Season 4 Range 22 Column 5,PI562998,361.0,35670.0,,
MAC Field Scanner Season 4 Range 22 Column 6,PI330184,366.0,25670.0,,
MAC Field Scanner Season 4 Range 22 Column 7,PI330196,241.0,32030.0,,
MAC Field Scanner Season 4 Range 22 Column 8,PI569459,381.0,9614.0,,
MAC Field Scanner Season 4 Range 22 Column 9,PI329299,255.0,43590.0,,
MAC Field Scanner Season 4 Range 23 Column 10,PI154846,252.0,16540.0,,
MAC Field Scanner Season 4 Range 23 Column 11,PI255239,243.0,27210.0,,
MAC Field Scanner Season 4 Range 23 Column 12,PI297130,366.0,34340.0,,
MAC Field Scanner Season 4 Range 23 Column 13,PI651495,335.0,22680.0,,
MAC Field Scanner Season 4 Range 23 Column 14,PI642998,365.0,17470.0,54.0,59.0
MAC Field Scanner Season 4 Range 23 Column 15,PI563329,354.0,29120.0,,
MAC Field Scanner Season 4 Range 23 Column 2,PI329843,294.0,13170.0,,
MAC Field Scanner Season 4 Range 23 Column 3,PI585954,147.0,18820.0,,
MAC Field Scanner Season 4 Range 23 Column 4,PI651497,258.0,29480.0,,
MAC Field Scanner Season 4 Range 23 Column 5,PI329841,372.0,20410.0,,
MAC Field Scanner Season 4 Range 23 Column 6,PI257599,234.0,28270.0,,
MAC Field Scanner Season 4 Range 23 Column 7,PI585452,154.0,17900.0,,
MAC Field Scanner Season 4 Range 23 Column 8,PI329519,370.0,26140.0,,
MAC Field Scanner Season 4 Range 23 Column 9,PI651496,374.0,29650.0,,
MAC Field Scanner Season 4 Range 24 Column 10,PI570106,341.0,26370.0,,
MAC Field Scanner Season 4 Range 24 Column 11,PI569421,326.0,25510.0,,
MAC Field Scanner Season 4 Range 24 Column 12,PI197542,330.0,16440.0,45.0,50.0
MAC Field Scanner Season 4 Range 24 Column 13,PI329614,314.0,12580.0,,
MAC Field Scanner Season 4 Range 24 Column 14,PI157804,332.0,20070.0,48.0,56.0
MAC Field Scanner Season 4 Range 24 Column 15,PI329506,351.0,15810.0,,
MAC Field Scanner Season 4 Range 24 Column 2,PI641815,237.0,23130.0,77.0,89.0
MAC Field Scanner Season 4 Range 24 Column 3,PI63715,306.0,12590.0,77.0,89.0
MAC Field Scanner Season 4 Range 24 Column 4,PI585577,365.0,15640.0,,
MAC Field Scanner Season 4 Range 24 Column 5,PI563002,334.0,44200.0,,
MAC Field Scanner Season 4 Range 24 Column 6,PI329478,286.0,21690.0,,
MAC Field Scanner Season 4 Range 24 Column 7,PI329326,285.0,16490.0,,
MAC Field Scanner Season 4 Range 24 Column 8,PI535795,315.0,21030.0,,64.0
MAC Field Scanner Season 4 Range 24 Column 9,PI641830,334.0,26240.0,46.0,
MAC Field Scanner Season 4 Range 25 Column 10,PI330796,349.0,24810.0,,
MAC Field Scanner Season 4 Range 25 Column 11,PI569422,338.0,13640.0,,
MAC Field Scanner Season 4 Range 25 Column 12,PI273969,339.0,46300.0,,
MAC Field Scanner Season 4 Range 25 Column 13,PI152591,365.0,9039.0,,
MAC Field Scanner Season 4 Range 25 Column 14,PI455221,378.0,31200.0,,
MAC Field Scanner Season 4 Range 25 Column 15,PI156393,369.0,16090.0,,
MAC Field Scanner Season 4 Range 25 Column 2,PI562781,130.0,12370.0,,
MAC Field Scanner Season 4 Range 25 Column 3,PI585467,321.0,16250.0,,
MAC Field Scanner Season 4 Range 25 Column 4,PI337689,337.0,27880.0,,
MAC Field Scanner Season 4 Range 25 Column 5,PI521019,327.0,23730.0,,
MAC Field Scanner Season 4 Range 25 Column 6,PI155885,346.0,24940.0,,
MAC Field Scanner Season 4 Range 25 Column 7,PI330858,357.0,36290.0,,
MAC Field Scanner Season 4 Range 25 Column 8,PI329338,358.0,15830.0,,
MAC Field Scanner Season 4 Range 25 Column 9,PI455217,366.0,45170.0,,
MAC Field Scanner Season 4 Range 26 Column 10,PI329333,366.0,4039.0,,
MAC Field Scanner Season 4 Range 26 Column 11,PI585406,362.0,16150.0,,
MAC Field Scanner Season 4 Range 26 Column 12,PI156330,321.0,14060.0,,
MAC Field Scanner Season 4 Range 26 Column 13,PI453696,367.0,25600.0,,
MAC Field Scanner Season 4 Range 26 Column 14,PI651491,368.0,26290.0,,
MAC Field Scanner Season 4 Range 26 Column 15,PI511355,360.0,19080.0,,
MAC Field Scanner Season 4 Range 26 Column 2,PI452619,293.0,17930.0,,
MAC Field Scanner Season 4 Range 26 Column 3,PI570071,362.0,7938.0,,
MAC Field Scanner Season 4 Range 26 Column 4,PI329569,351.0,43940.0,,
MAC Field Scanner Season 4 Range 26 Column 5,PI152923,319.0,27740.0,,
MAC Field Scanner Season 4 Range 26 Column 6,PI267573,350.0,17790.0,,
MAC Field Scanner Season 4 Range 26 Column 7,PI330803,360.0,28930.0,,
MAC Field Scanner Season 4 Range 26 Column 8,PI585454,364.0,19550.0,,
MAC Field Scanner Season 4 Range 26 Column 9,PI506114,359.0,22310.0,,
MAC Field Scanner Season 4 Range 27 Column 10,PI92270,340.0,60950.0,,
MAC Field Scanner Season 4 Range 27 Column 11,PI641810,341.0,30420.0,72.0,74.0
MAC Field Scanner Season 4 Range 27 Column 12,PI535783,336.0,13090.0,62.0,64.0
MAC Field Scanner Season 4 Range 27 Column 13,PI570073,357.0,23230.0,,
MAC Field Scanner Season 4 Range 27 Column 14,PI562971,343.0,22310.0,,
MAC Field Scanner Season 4 Range 27 Column 15,PI156463,331.0,24160.0,,
MAC Field Scanner Season 4 Range 27 Column 2,PI641807,349.0,19100.0,,
MAC Field Scanner Season 4 Range 27 Column 3,PI641892,328.0,21280.0,,
MAC Field Scanner Season 4 Range 27 Column 4,PI641835,321.0,17410.0,77.0,90.0
MAC Field Scanner Season 4 Range 27 Column 5,PI170787,312.0,18430.0,71.0,74.0
MAC Field Scanner Season 4 Range 27 Column 6,PI145619,330.0,19150.0,,
MAC Field Scanner Season 4 Range 27 Column 7,PI196586,375.0,28130.0,77.0,90.0
MAC Field Scanner Season 4 Range 27 Column 8,PI563295,392.0,40900.0,,
MAC Field Scanner Season 4 Range 27 Column 9,PI152965,340.0,13390.0,,
MAC Field Scanner Season 4 Range 28 Column 10,PI273465,376.0,23710.0,,
MAC Field Scanner Season 4 Range 28 Column 11,PI229841,386.0,35920.0,,
MAC Field Scanner Season 4 Range 28 Column 12,PI330196,352.0,20100.0,,
MAC Field Scanner Season 4 Range 28 Column 13,PI521019,342.0,26320.0,,
MAC Field Scanner Season 4 Range 28 Column 14,PI329645,290.0,13630.0,,
MAC Field Scanner Season 4 Range 28 Column 15,PI156890,322.0,15850.0,,
MAC Field Scanner Season 4 Range 28 Column 2,PI152971,298.0,23730.0,77.0,90.0
MAC Field Scanner Season 4 Range 28 Column 3,PI562990,300.0,,,
MAC Field Scanner Season 4 Range 28 Column 4,PI586443,316.0,,,
MAC Field Scanner Season 4 Range 28 Column 5,PI586541,330.0,19910.0,,
MAC Field Scanner Season 4 Range 28 Column 6,PI585467,308.0,14670.0,,
MAC Field Scanner Season 4 Range 28 Column 7,PI221651,346.0,29770.0,,
MAC Field Scanner Season 4 Range 28 Column 8,PI562982,397.0,22610.0,,
MAC Field Scanner Season 4 Range 28 Column 9,PI329646,359.0,18420.0,,
MAC Field Scanner Season 4 Range 29 Column 10,PI570047,375.0,21130.0,,
MAC Field Scanner Season 4 Range 29 Column 11,PI329501,382.0,20730.0,,
MAC Field Scanner Season 4 Range 29 Column 12,PI641892,338.0,30370.0,,
MAC Field Scanner Season 4 Range 29 Column 13,PI144134,319.0,39320.0,77.0,90.0
MAC Field Scanner Season 4 Range 29 Column 14,PI152965,311.0,16590.0,,
MAC Field Scanner Season 4 Range 29 Column 15,PI197542,326.0,,45.0,50.0
MAC Field Scanner Season 4 Range 29 Column 2,PI152816,401.0,20640.0,,
MAC Field Scanner Season 4 Range 29 Column 3,PI92270,298.0,1244.0,56.0,62.0
MAC Field Scanner Season 4 Range 29 Column 4,PI641829,336.0,18480.0,70.0,74.0
MAC Field Scanner Season 4 Range 29 Column 5,PI646266,312.0,35150.0,,
MAC Field Scanner Season 4 Range 29 Column 6,PI297155,282.0,16830.0,76.0,78.0
MAC Field Scanner Season 4 Range 29 Column 7,PI641824,286.0,24930.0,,
MAC Field Scanner Season 4 Range 29 Column 8,PI641807,292.0,29340.0,,
MAC Field Scanner Season 4 Range 29 Column 9,PI563295,372.0,38200.0,,
MAC Field Scanner Season 4 Range 3 Column 10,PI569097,389.0,25140.0,,
MAC Field Scanner Season 4 Range 3 Column 11,PI573193,379.0,14400.0,,
MAC Field Scanner Season 4 Range 3 Column 12,PI152771,212.0,21990.0,,
MAC Field Scanner Season 4 Range 3 Column 13,PI569427,157.0,26280.0,,
MAC Field Scanner Season 4 Range 3 Column 14,PI337680,358.0,7683.0,,
MAC Field Scanner Season 4 Range 3 Column 15,PI156871,349.0,19020.0,,
MAC Field Scanner Season 4 Range 3 Column 2,PI329465,156.0,14400.0,,
MAC Field Scanner Season 4 Range 3 Column 3,PI22913,250.0,17350.0,,
MAC Field Scanner Season 4 Range 3 Column 4,PI145626,266.0,23190.0,,
MAC Field Scanner Season 4 Range 3 Column 5,PI330807,397.0,34370.0,,
MAC Field Scanner Season 4 Range 3 Column 6,PI330181,320.0,30150.0,,
MAC Field Scanner Season 4 Range 3 Column 7,PI569447,399.0,20690.0,,
MAC Field Scanner Season 4 Range 3 Column 8,PI653616,364.0,21940.0,,
MAC Field Scanner Season 4 Range 3 Column 9,PI563020,207.0,20670.0,,
MAC Field Scanner Season 4 Range 30 Column 10,PI156393,205.0,,,
MAC Field Scanner Season 4 Range 30 Column 11,PI563022,341.0,14990.0,,
MAC Field Scanner Season 4 Range 30 Column 12,PI568717,333.0,20100.0,,
MAC Field Scanner Season 4 Range 30 Column 13,PI511355,206.0,22850.0,,
MAC Field Scanner Season 4 Range 30 Column 14,PI329519,334.0,,,
MAC Field Scanner Season 4 Range 30 Column 15,PI651491,295.0,25830.0,,
MAC Field Scanner Season 4 Range 30 Column 2,PI196583,356.0,,,
MAC Field Scanner Season 4 Range 30 Column 3,PI563006,295.0,,,
MAC Field Scanner Season 4 Range 30 Column 4,PI569416,302.0,17260.0,,
MAC Field Scanner Season 4 Range 30 Column 5,PI152727,139.0,,,
MAC Field Scanner Season 4 Range 30 Column 6,PI297171,158.0,27410.0,,
MAC Field Scanner Season 4 Range 30 Column 7,PI329632,194.0,,,
MAC Field Scanner Season 4 Range 30 Column 8,PI570114,183.0,30110.0,,
MAC Field Scanner Season 4 Range 30 Column 9,PI329518,152.0,,,
MAC Field Scanner Season 4 Range 31 Column 10,PI540518,293.0,11910.0,,
MAC Field Scanner Season 4 Range 31 Column 11,PI641817,285.0,17150.0,56.0,62.0
MAC Field Scanner Season 4 Range 31 Column 12,PI255744,277.0,22790.0,72.0,74.0
MAC Field Scanner Season 4 Range 31 Column 13,PI641807,310.0,26710.0,70.0,90.0
MAC Field Scanner Season 4 Range 31 Column 14,PI179749,321.0,10380.0,46.0,56.0
MAC Field Scanner Season 4 Range 31 Column 15,PI641909,342.0,23790.0,,
MAC Field Scanner Season 4 Range 31 Column 2,PI195754,318.0,17820.0,,
MAC Field Scanner Season 4 Range 31 Column 3,PI641860,310.0,16080.0,77.0,90.0
MAC Field Scanner Season 4 Range 31 Column 4,PI329614,298.0,7709.0,,
MAC Field Scanner Season 4 Range 31 Column 5,PI570109,313.0,33440.0,,
MAC Field Scanner Season 4 Range 31 Column 6,PI63715,342.0,29930.0,,
MAC Field Scanner Season 4 Range 31 Column 7,PI329506,344.0,22400.0,,
MAC Field Scanner Season 4 Range 31 Column 8,PI641821,311.0,23550.0,,
MAC Field Scanner Season 4 Range 31 Column 9,PI217691,294.0,18660.0,62.0,64.0
MAC Field Scanner Season 4 Range 32 Column 10,Unknown off type,263.0,,50.0,56.0
MAC Field Scanner Season 4 Range 32 Column 11,PI524475,338.0,21440.0,,
MAC Field Scanner Season 4 Range 32 Column 12,PI329702,362.0,35460.0,,
MAC Field Scanner Season 4 Range 32 Column 13,PI585966,354.0,12110.0,,
MAC Field Scanner Season 4 Range 32 Column 14,PI455217,345.0,32390.0,,
MAC Field Scanner Season 4 Range 32 Column 15,PI297130,365.0,18510.0,,
MAC Field Scanner Season 4 Range 32 Column 2,PI152961,321.0,17160.0,,
MAC Field Scanner Season 4 Range 32 Column 3,PI330199,347.0,32250.0,,
MAC Field Scanner Season 4 Range 32 Column 4,PI563330,321.0,5989.0,,
MAC Field Scanner Season 4 Range 32 Column 5,PI329673,303.0,,,
MAC Field Scanner Season 4 Range 32 Column 6,PI569455,381.0,15750.0,,
MAC Field Scanner Season 4 Range 32 Column 7,PI329394,381.0,29560.0,,
MAC Field Scanner Season 4 Range 32 Column 8,PI455301,378.0,30970.0,,
MAC Field Scanner Season 4 Range 32 Column 9,PI152862,291.0,27020.0,,
MAC Field Scanner Season 4 Range 33 Column 10,PI569425,316.0,15870.0,,
MAC Field Scanner Season 4 Range 33 Column 11,PI329478,310.0,19540.0,,
MAC Field Scanner Season 4 Range 33 Column 12,PI570073,335.0,18550.0,,
MAC Field Scanner Season 4 Range 33 Column 13,PI170787,331.0,21880.0,70.0,72.0
MAC Field Scanner Season 4 Range 33 Column 14,PI196586,303.0,22790.0,77.0,90.0
MAC Field Scanner Season 4 Range 33 Column 15,PI221548,348.0,20850.0,,
MAC Field Scanner Season 4 Range 33 Column 2,PI181080,327.0,6158.0,49.0,54.0
MAC Field Scanner Season 4 Range 33 Column 3,PI641815,282.0,19500.0,,
MAC Field Scanner Season 4 Range 33 Column 4,PI562971,273.0,43140.0,,
MAC Field Scanner Season 4 Range 33 Column 5,PI655981,292.0,19080.0,,
MAC Field Scanner Season 4 Range 33 Column 6,PI641810,348.0,24360.0,,
MAC Field Scanner Season 4 Range 33 Column 7,PI569443,367.0,14900.0,,
MAC Field Scanner Season 4 Range 33 Column 8,PI145619,352.0,31220.0,,
MAC Field Scanner Season 4 Range 33 Column 9,PI585577,356.0,23250.0,,
MAC Field Scanner Season 4 Range 34 Column 10,PI156217,328.0,23210.0,,
MAC Field Scanner Season 4 Range 34 Column 11,PI302252,331.0,29460.0,,
MAC Field Scanner Season 4 Range 34 Column 12,PI569445,338.0,11700.0,,
MAC Field Scanner Season 4 Range 34 Column 13,PI154987,357.0,37020.0,,
MAC Field Scanner Season 4 Range 34 Column 14,PI452619,337.0,28470.0,,
MAC Field Scanner Season 4 Range 34 Column 15,PI329473,338.0,,,
MAC Field Scanner Season 4 Range 34 Column 2,PI569454,284.0,14050.0,,
MAC Field Scanner Season 4 Range 34 Column 3,PI585461,243.0,21410.0,,
MAC Field Scanner Season 4 Range 34 Column 4,PI22913,312.0,16450.0,,
MAC Field Scanner Season 4 Range 34 Column 5,PI153877,332.0,33190.0,,
MAC Field Scanner Season 4 Range 34 Column 6,PI329471,326.0,13390.0,,
MAC Field Scanner Season 4 Range 34 Column 7,PI569444,338.0,30290.0,,
MAC Field Scanner Season 4 Range 34 Column 8,PI585608,308.0,14220.0,,
MAC Field Scanner Season 4 Range 34 Column 9,PI646251,337.0,16660.0,,
MAC Field Scanner Season 4 Range 35 Column 10,PI642998,268.0,10660.0,54.0,61.0
MAC Field Scanner Season 4 Range 35 Column 11,PI152651,137.0,7158.0,,
MAC Field Scanner Season 4 Range 35 Column 12,PI570090,375.0,30240.0,,
MAC Field Scanner Season 4 Range 35 Column 13,PI570400,357.0,29110.0,,
MAC Field Scanner Season 4 Range 35 Column 14,PI619838,155.0,11970.0,,
MAC Field Scanner Season 4 Range 35 Column 15,PI145626,342.0,29250.0,77.0,
MAC Field Scanner Season 4 Range 35 Column 2,PI329570,286.0,15560.0,,
MAC Field Scanner Season 4 Range 35 Column 3,PI152923,307.0,18160.0,,
MAC Field Scanner Season 4 Range 35 Column 4,PI329644,217.0,17570.0,,
MAC Field Scanner Season 4 Range 35 Column 5,PI569419,333.0,13290.0,,
MAC Field Scanner Season 4 Range 35 Column 6,PI146890,275.0,32480.0,91.0,
MAC Field Scanner Season 4 Range 35 Column 7,PI329351,378.0,21640.0,,
MAC Field Scanner Season 4 Range 35 Column 8,PI562897,393.0,27800.0,,
MAC Field Scanner Season 4 Range 35 Column 9,PI329403,305.0,41040.0,,
MAC Field Scanner Season 4 Range 36 Column 10,PI585452,397.0,12450.0,,
MAC Field Scanner Season 4 Range 36 Column 11,PI266927,384.0,40080.0,,
MAC Field Scanner Season 4 Range 36 Column 12,PI455280,338.0,20700.0,,
MAC Field Scanner Season 4 Range 36 Column 13,PI563350,345.0,30940.0,,
MAC Field Scanner Season 4 Range 36 Column 14,PI569465,141.0,21420.0,,
MAC Field Scanner Season 4 Range 36 Column 15,PI337680,333.0,8185.0,,
MAC Field Scanner Season 4 Range 36 Column 2,PI155885,166.0,15750.0,,
MAC Field Scanner Season 4 Range 36 Column 3,PI329333,216.0,25870.0,,
MAC Field Scanner Season 4 Range 36 Column 4,PI152771,339.0,23870.0,,
MAC Field Scanner Season 4 Range 36 Column 5,PI176766,283.0,20040.0,61.0,64.0
MAC Field Scanner Season 4 Range 36 Column 6,PI563355,190.0,19030.0,,
MAC Field Scanner Season 4 Range 36 Column 7,PI329545,235.0,17240.0,,
MAC Field Scanner Season 4 Range 36 Column 8,PI583832,384.0,28210.0,,
MAC Field Scanner Season 4 Range 36 Column 9,PI521152,264.0,31140.0,,
MAC Field Scanner Season 4 Range 37 Column 10,PI267573,397.0,14630.0,,
MAC Field Scanner Season 4 Range 37 Column 11,PI152694,268.0,27190.0,62.0,64.0
MAC Field Scanner Season 4 Range 37 Column 12,PI563222,249.0,14100.0,,
MAC Field Scanner Season 4 Range 37 Column 13,PI329465,209.0,29140.0,,
MAC Field Scanner Season 4 Range 37 Column 14,PI569244,345.0,37050.0,77.0,90.0
MAC Field Scanner Season 4 Range 37 Column 15,PI152591,181.0,9668.0,,
MAC Field Scanner Season 4 Range 37 Column 2,PI562985,352.0,11040.0,,
MAC Field Scanner Season 4 Range 37 Column 3,PI570431,361.0,26640.0,,
MAC Field Scanner Season 4 Range 37 Column 4,PI570031,357.0,16100.0,,
MAC Field Scanner Season 4 Range 37 Column 5,PI569435,387.0,10850.0,,
MAC Field Scanner Season 4 Range 37 Column 6,PI569452,285.0,45860.0,,
MAC Field Scanner Season 4 Range 37 Column 7,PI330182,339.0,37320.0,,
MAC Field Scanner Season 4 Range 37 Column 8,PI562970,358.0,20910.0,,
MAC Field Scanner Season 4 Range 37 Column 9,PI152967,379.0,28540.0,,
MAC Field Scanner Season 4 Range 38 Column 10,PI535785,318.0,17500.0,77.0,90.0
MAC Field Scanner Season 4 Range 38 Column 11,PI641835,270.0,28140.0,77.0,90.0
MAC Field Scanner Season 4 Range 38 Column 12,PI570042,151.0,11950.0,,
MAC Field Scanner Season 4 Range 38 Column 13,PI253986,294.0,42420.0,,
MAC Field Scanner Season 4 Range 38 Column 14,PI218112,365.0,14730.0,50.0,56.0
MAC Field Scanner Season 4 Range 38 Column 15,PI533998,123.0,10160.0,,
MAC Field Scanner Season 4 Range 38 Column 2,PI213900,214.0,15120.0,46.0,53.0
MAC Field Scanner Season 4 Range 38 Column 3,PI35038,311.0,31380.0,70.0,74.0
MAC Field Scanner Season 4 Range 38 Column 4,PI175919,235.0,16630.0,62.0,70.0
MAC Field Scanner Season 4 Range 38 Column 5,PI329326,323.0,21180.0,,
MAC Field Scanner Season 4 Range 38 Column 6,PI535783,272.0,23340.0,,
MAC Field Scanner Season 4 Range 38 Column 7,PI157804,381.0,28050.0,50.0,56.0
MAC Field Scanner Season 4 Range 38 Column 8,PI562981,192.0,25770.0,,
MAC Field Scanner Season 4 Range 38 Column 9,PI156463,331.0,26820.0,,
MAC Field Scanner Season 4 Range 39 Column 10,PI505722,392.0,17360.0,,
MAC Field Scanner Season 4 Range 39 Column 11,PI563332,391.0,28490.0,,
MAC Field Scanner Season 4 Range 39 Column 12,PI156871,239.0,3605.0,,
MAC Field Scanner Season 4 Range 39 Column 13,PI653617,270.0,24150.0,,
MAC Field Scanner Season 4 Range 39 Column 14,PI643016,369.0,41100.0,,
MAC Field Scanner Season 4 Range 39 Column 15,PI562781,191.0,7112.0,,
MAC Field Scanner Season 4 Range 39 Column 2,PI329517,132.0,6921.0,,
MAC Field Scanner Season 4 Range 39 Column 3,PI651496,275.0,17910.0,,
MAC Field Scanner Season 4 Range 39 Column 4,PI651495,303.0,17300.0,,
MAC Field Scanner Season 4 Range 39 Column 5,PI570076,178.0,24040.0,,
MAC Field Scanner Season 4 Range 39 Column 6,PI525049,245.0,21590.0,,
MAC Field Scanner Season 4 Range 39 Column 7,PI569462,370.0,15510.0,,
MAC Field Scanner Season 4 Range 39 Column 8,PI154846,368.0,24160.0,,
MAC Field Scanner Season 4 Range 39 Column 9,PI562732,290.0,26210.0,,
MAC Field Scanner Season 4 Range 4 Column 10,PI620072,361.0,17110.0,,
MAC Field Scanner Season 4 Range 4 Column 11,PI563338,377.0,32070.0,,
MAC Field Scanner Season 4 Range 4 Column 12,PI569460,205.0,15700.0,,
MAC Field Scanner Season 4 Range 4 Column 13,PI569444,171.0,18880.0,,
MAC Field Scanner Season 4 Range 4 Column 14,PI562730,368.0,25140.0,,
MAC Field Scanner Season 4 Range 4 Column 15,PI563355,194.0,15690.0,,
MAC Field Scanner Season 4 Range 4 Column 2,PI329473,195.0,21540.0,,
MAC Field Scanner Season 4 Range 4 Column 3,PI646251,152.0,6660.0,,
MAC Field Scanner Season 4 Range 4 Column 4,PI330169,366.0,36400.0,,
MAC Field Scanner Season 4 Range 4 Column 5,PI569458,392.0,13670.0,,
MAC Field Scanner Season 4 Range 4 Column 6,PI302252,408.0,35640.0,83.0,91.0
MAC Field Scanner Season 4 Range 4 Column 7,PI156217,388.0,17810.0,,
MAC Field Scanner Season 4 Range 4 Column 8,PI569090,297.0,23790.0,,
MAC Field Scanner Season 4 Range 4 Column 9,PI585608,350.0,20770.0,,
MAC Field Scanner Season 4 Range 40 Column 10,PI570110,258.0,2667.0,,
MAC Field Scanner Season 4 Range 40 Column 11,PI563331,342.0,37460.0,,
MAC Field Scanner Season 4 Range 40 Column 12,PI510757,243.0,8616.0,,
MAC Field Scanner Season 4 Range 40 Column 13,PI569148,372.0,22540.0,,
MAC Field Scanner Season 4 Range 40 Column 14,PI506030,223.0,30660.0,,
MAC Field Scanner Season 4 Range 40 Column 15,PI569457,351.0,8131.0,,
MAC Field Scanner Season 4 Range 40 Column 2,PI329310,287.0,27310.0,,
MAC Field Scanner Season 4 Range 40 Column 3,PI330858,228.0,26110.0,,
MAC Field Scanner Season 4 Range 40 Column 4,PI329585,196.0,11880.0,,
MAC Field Scanner Season 4 Range 40 Column 5,PI569453,162.0,18490.0,,
MAC Field Scanner Season 4 Range 40 Column 6,PI329841,410.0,47970.0,,
MAC Field Scanner Season 4 Range 40 Column 7,PI570393,209.0,,,
MAC Field Scanner Season 4 Range 40 Column 8,PI329569,323.0,31010.0,,
MAC Field Scanner Season 4 Range 40 Column 9,PI563329,335.0,27030.0,,
MAC Field Scanner Season 4 Range 41 Column 10,PI573193,389.0,,,
MAC Field Scanner Season 4 Range 41 Column 11,PI152860,388.0,35410.0,,
MAC Field Scanner Season 4 Range 41 Column 12,PI257599,255.0,26310.0,,
MAC Field Scanner Season 4 Range 41 Column 13,PI329710,273.0,27970.0,,
MAC Field Scanner Season 4 Range 41 Column 14,PI646242,211.0,25640.0,,
MAC Field Scanner Season 4 Range 41 Column 15,PI570087,346.0,14970.0,,
MAC Field Scanner Season 4 Range 41 Column 2,PI566819,250.0,21290.0,,
MAC Field Scanner Season 4 Range 41 Column 3,PI643008,278.0,4379.0,,
MAC Field Scanner Season 4 Range 41 Column 4,PI329865,258.0,18190.0,,
MAC Field Scanner Season 4 Range 41 Column 5,PI514456,209.0,22350.0,,
MAC Field Scanner Season 4 Range 41 Column 6,PI329605,342.0,18170.0,,
MAC Field Scanner Season 4 Range 41 Column 7,PI329584,228.0,7196.0,,
MAC Field Scanner Season 4 Range 41 Column 8,PI569097,357.0,39620.0,,
MAC Field Scanner Season 4 Range 41 Column 9,PI273969,381.0,33270.0,,
MAC Field Scanner Season 4 Range 42 Column 10,PI329665,191.0,2734.0,,
MAC Field Scanner Season 4 Range 42 Column 11,PI329301,407.0,45730.0,,
MAC Field Scanner Season 4 Range 42 Column 12,PI155516,394.0,16320.0,,
MAC Field Scanner Season 4 Range 42 Column 13,PI569420,156.0,6461.0,,
MAC Field Scanner Season 4 Range 42 Column 14,PI329466,243.0,48420.0,,
MAC Field Scanner Season 4 Range 42 Column 15,PI330803,340.0,10900.0,,
MAC Field Scanner Season 4 Range 42 Column 2,PI257600,328.0,18010.0,,
MAC Field Scanner Season 4 Range 42 Column 3,PI251672,283.0,23490.0,,
MAC Field Scanner Season 4 Range 42 Column 4,PI154844,377.0,32420.0,,
MAC Field Scanner Season 4 Range 42 Column 5,PI570388,277.0,29460.0,,
MAC Field Scanner Season 4 Range 42 Column 6,PI570145,228.0,27170.0,,
MAC Field Scanner Season 4 Range 42 Column 7,PI329319,177.0,19080.0,,
MAC Field Scanner Season 4 Range 42 Column 8,PI570075,344.0,21630.0,,
MAC Field Scanner Season 4 Range 42 Column 9,PI521280,364.0,23820.0,,
MAC Field Scanner Season 4 Range 43 Column 10,PI329541,372.0,1466.0,,
MAC Field Scanner Season 4 Range 43 Column 11,PI167093,389.0,32510.0,77.0,84.0
MAC Field Scanner Season 4 Range 43 Column 12,PI506069,244.0,22460.0,,
MAC Field Scanner Season 4 Range 43 Column 13,PI156330,337.0,17580.0,,
MAC Field Scanner Season 4 Range 43 Column 14,PI569427,154.0,23000.0,,
MAC Field Scanner Season 4 Range 43 Column 15,PI569418,160.0,17390.0,,
MAC Field Scanner Season 4 Range 43 Column 2,PI453696,245.0,6817.0,,
MAC Field Scanner Season 4 Range 43 Column 3,PI455307,349.0,16470.0,,
MAC Field Scanner Season 4 Range 43 Column 4,PI329711,370.0,31940.0,,
MAC Field Scanner Season 4 Range 43 Column 5,PI570096,203.0,23340.0,,
MAC Field Scanner Season 4 Range 43 Column 6,PI619807,224.0,20710.0,,
MAC Field Scanner Season 4 Range 43 Column 7,PI329511,388.0,26520.0,,
MAC Field Scanner Season 4 Range 43 Column 8,PI562730,307.0,28780.0,,
MAC Field Scanner Season 4 Range 43 Column 9,PI330195,239.0,29540.0,,
MAC Field Scanner Season 4 Range 44 Column 10,PI329699,302.0,42400.0,,
MAC Field Scanner Season 4 Range 44 Column 11,PI505717,363.0,27290.0,,
MAC Field Scanner Season 4 Range 44 Column 12,PI563032,249.0,11430.0,,
MAC Field Scanner Season 4 Range 44 Column 13,PI329843,318.0,25300.0,,
MAC Field Scanner Season 4 Range 44 Column 14,PI154750,322.0,30290.0,,
MAC Field Scanner Season 4 Range 44 Column 15,PI329256,339.0,16280.0,,
MAC Field Scanner Season 4 Range 44 Column 2,PI330807,319.0,28530.0,,
MAC Field Scanner Season 4 Range 44 Column 3,PI152728,129.0,18110.0,,
MAC Field Scanner Season 4 Range 44 Column 4,PI156487,387.0,20860.0,,
MAC Field Scanner Season 4 Range 44 Column 5,PI156268,398.0,33770.0,,
MAC Field Scanner Season 4 Range 44 Column 6,PI303658,251.0,31060.0,,
MAC Field Scanner Season 4 Range 44 Column 7,PI329338,253.0,15830.0,,
MAC Field Scanner Season 4 Range 44 Column 8,PI276837,399.0,44040.0,,
MAC Field Scanner Season 4 Range 44 Column 9,PI329286,387.0,6628.0,,
MAC Field Scanner Season 4 Range 45 Column 10,PI562997,194.0,10900.0,,
MAC Field Scanner Season 4 Range 45 Column 11,PI152966,370.0,27760.0,,
MAC Field Scanner Season 4 Range 45 Column 12,PI506122,350.0,24190.0,,
MAC Field Scanner Season 4 Range 45 Column 13,PI196049,356.0,35310.0,,
MAC Field Scanner Season 4 Range 45 Column 14,PI570091,168.0,22090.0,,
MAC Field Scanner Season 4 Range 45 Column 15,PI563021,151.0,24220.0,,
MAC Field Scanner Season 4 Range 45 Column 2,PI585454,303.0,10080.0,,
MAC Field Scanner Season 4 Range 45 Column 3,PI570373,310.0,29230.0,,
MAC Field Scanner Season 4 Range 45 Column 4,PI570254,375.0,24240.0,,
MAC Field Scanner Season 4 Range 45 Column 5,PI452692,286.0,21930.0,,
MAC Field Scanner Season 4 Range 45 Column 6,PI152730,320.0,29500.0,77.0,
MAC Field Scanner Season 4 Range 45 Column 7,PI330796,168.0,8227.0,,
MAC Field Scanner Season 4 Range 45 Column 8,PI157035,373.0,32720.0,,
MAC Field Scanner Season 4 Range 45 Column 9,PI330185,384.0,22200.0,,
MAC Field Scanner Season 4 Range 46 Column 10,PI535792,96.0,7909.0,70.0,74.0
MAC Field Scanner Season 4 Range 46 Column 11,PI329435,84.0,14120.0,,
MAC Field Scanner Season 4 Range 46 Column 12,PI535793,146.0,9760.0,56.0,63.0
MAC Field Scanner Season 4 Range 46 Column 13,PI561840,218.0,25430.0,77.0,79.0
MAC Field Scanner Season 4 Range 46 Column 14,PI564163,124.0,9948.0,,
MAC Field Scanner Season 4 Range 46 Column 15,PI533902,337.0,13780.0,76.0,78.0
MAC Field Scanner Season 4 Range 46 Column 2,PI533792,98.0,5903.0,50.0,54.0
MAC Field Scanner Season 4 Range 46 Column 3,PI526905,310.0,6551.0,50.0,56.0
MAC Field Scanner Season 4 Range 46 Column 4,PI576401,363.0,14920.0,77.0,84.0
MAC Field Scanner Season 4 Range 46 Column 5,PI535796,227.0,25210.0,,
MAC Field Scanner Season 4 Range 46 Column 6,PI542718,318.0,6870.0,50.0,58.0
MAC Field Scanner Season 4 Range 46 Column 7,PI534120,80.0,10950.0,,
MAC Field Scanner Season 4 Range 46 Column 8,PI576399,232.0,23420.0,70.0,72.0
MAC Field Scanner Season 4 Range 46 Column 9,PI180348,184.0,21100.0,,
MAC Field Scanner Season 4 Range 47 Column 10,PI330169,285.0,34430.0,,
MAC Field Scanner Season 4 Range 47 Column 11,PI620072,242.0,28420.0,,
MAC Field Scanner Season 4 Range 47 Column 12,PI156178,186.0,22000.0,,
MAC Field Scanner Season 4 Range 47 Column 13,PI570071,151.0,15570.0,,
MAC Field Scanner Season 4 Range 47 Column 14,PI329546,306.0,31090.0,,
MAC Field Scanner Season 4 Range 47 Column 15,PI506114,337.0,16310.0,,
MAC Field Scanner Season 4 Range 47 Column 2,PI569422,134.0,10330.0,,
MAC Field Scanner Season 4 Range 47 Column 3,PI455221,262.0,41520.0,,
MAC Field Scanner Season 4 Range 47 Column 4,PI570074,351.0,6259.0,,
MAC Field Scanner Season 4 Range 47 Column 5,PI337689,245.0,39070.0,,
MAC Field Scanner Season 4 Range 47 Column 6,PI569460,369.0,20230.0,,
MAC Field Scanner Season 4 Range 47 Column 7,PI563196,282.0,52490.0,,
MAC Field Scanner Season 4 Range 47 Column 8,PI562998,182.0,21880.0,,
MAC Field Scanner Season 4 Range 47 Column 9,PI585961,173.0,19510.0,,
MAC Field Scanner Season 4 Range 48 Column 10,PI585406,377.0,26190.0,,
MAC Field Scanner Season 4 Range 48 Column 11,PI651497,275.0,33240.0,,
MAC Field Scanner Season 4 Range 48 Column 12,PI563009,178.0,12880.0,,
MAC Field Scanner Season 4 Range 48 Column 13,PI329300,399.0,48660.0,,
MAC Field Scanner Season 4 Range 48 Column 14,PI570085,385.0,16930.0,,
MAC Field Scanner Season 4 Range 48 Column 15,PI329864,197.0,23260.0,,
MAC Field Scanner Season 4 Range 48 Column 2,PI620157,203.0,12260.0,,
MAC Field Scanner Season 4 Range 48 Column 3,PI154944,273.0,9142.0,,
MAC Field Scanner Season 4 Range 48 Column 4,PI329550,214.0,17050.0,,
MAC Field Scanner Season 4 Range 48 Column 5,PI569447,370.0,14790.0,,
MAC Field Scanner Season 4 Range 48 Column 6,PI563020,378.0,25210.0,,
MAC Field Scanner Season 4 Range 48 Column 7,PI152733,395.0,39050.0,,
MAC Field Scanner Season 4 Range 48 Column 8,PI156326,221.0,14020.0,,
MAC Field Scanner Season 4 Range 48 Column 9,PI641850,304.0,27470.0,,
MAC Field Scanner Season 4 Range 49 Column 10,PI521290,275.0,27990.0,,
MAC Field Scanner Season 4 Range 49 Column 11,PI330833,392.0,10340.0,,
MAC Field Scanner Season 4 Range 49 Column 12,PI255239,256.0,23490.0,,
MAC Field Scanner Season 4 Range 49 Column 13,PI569886,388.0,22020.0,,
MAC Field Scanner Season 4 Range 49 Column 14,PI569458,387.0,12530.0,,
MAC Field Scanner Season 4 Range 49 Column 15,PI452542,349.0,22100.0,,
MAC Field Scanner Season 4 Range 49 Column 2,PI563338,206.0,21910.0,,
MAC Field Scanner Season 4 Range 49 Column 3,PI513898,133.0,,,
MAC Field Scanner Season 4 Range 49 Column 4,PI569090,334.0,24030.0,77.0,91.0
MAC Field Scanner Season 4 Range 49 Column 5,PI653616,318.0,25790.0,,
MAC Field Scanner Season 4 Range 49 Column 6,PI570038,174.0,23670.0,,
MAC Field Scanner Season 4 Range 49 Column 7,PI569423,172.0,15700.0,,
MAC Field Scanner Season 4 Range 49 Column 8,PI330181,410.0,31100.0,56.0,
MAC Field Scanner Season 4 Range 49 Column 9,PI569264,406.0,30460.0,,
MAC Field Scanner Season 4 Range 5 Column 10,PI329256,217.0,13000.0,,
MAC Field Scanner Season 4 Range 5 Column 11,PI452542,280.0,14320.0,,
MAC Field Scanner Season 4 Range 5 Column 12,PI563331,327.0,35100.0,,
MAC Field Scanner Season 4 Range 5 Column 13,PI563021,322.0,12340.0,,
MAC Field Scanner Season 4 Range 5 Column 14,PI653617,338.0,16840.0,56.0,62.0
MAC Field Scanner Season 4 Range 5 Column 15,PI152966,354.0,16520.0,,
MAC Field Scanner Season 4 Range 5 Column 2,PI569445,125.0,5855.0,,
MAC Field Scanner Season 4 Range 5 Column 3,PI221651,336.0,28760.0,,
MAC Field Scanner Season 4 Range 5 Column 4,PI525049,226.0,26000.0,,
MAC Field Scanner Season 4 Range 5 Column 5,PI154987,394.0,14700.0,,
MAC Field Scanner Season 4 Range 5 Column 6,PI570087,395.0,11210.0,,
MAC Field Scanner Season 4 Range 5 Column 7,PI329300,392.0,46260.0,,
MAC Field Scanner Season 4 Range 5 Column 8,PI152728,172.0,9186.0,,
MAC Field Scanner Season 4 Range 5 Column 9,PI330168,361.0,25650.0,,
MAC Field Scanner Season 4 Range 50 Column 10,PI656026,367.0,13620.0,60.0,64.0
MAC Field Scanner Season 4 Range 50 Column 11,PI152828,318.0,23620.0,62.0,66.0
MAC Field Scanner Season 4 Range 50 Column 12,PI550604,130.0,10220.0,,62.0
MAC Field Scanner Season 4 Range 50 Column 13,PI52606,155.0,27410.0,62.0,70.0
MAC Field Scanner Season 4 Range 50 Column 14,PI534165,88.0,11430.0,,63.0
MAC Field Scanner Season 4 Range 50 Column 15,PI656065,180.0,23680.0,,62.0
MAC Field Scanner Season 4 Range 50 Column 2,PI181083,168.0,7793.0,46.0,54.0
MAC Field Scanner Season 4 Range 50 Column 3,PI656015,180.0,,50.0,58.0
MAC Field Scanner Season 4 Range 50 Column 4,PI535794,312.0,11470.0,62.0,68.0
MAC Field Scanner Season 4 Range 50 Column 5,PI527045,281.0,21740.0,53.0,58.0
MAC Field Scanner Season 4 Range 50 Column 6,PI655972,210.0,16680.0,,
MAC Field Scanner Season 4 Range 50 Column 7,PI154988,365.0,22150.0,70.0,
MAC Field Scanner Season 4 Range 50 Column 8,PI593916,400.0,37150.0,58.0,63.0
MAC Field Scanner Season 4 Range 50 Column 9,PI655978,113.0,12420.0,,68.0
MAC Field Scanner Season 4 Range 51 Column 10,PI656035,265.0,24530.0,68.0,72.0
MAC Field Scanner Season 4 Range 51 Column 11,PI563002,156.0,18960.0,,
MAC Field Scanner Season 4 Range 51 Column 12,PI655983,245.0,29190.0,,
MAC Field Scanner Season 4 Range 51 Column 13,PI641836,280.0,18370.0,58.0,
MAC Field Scanner Season 4 Range 51 Column 14,PI196598,247.0,27570.0,91.0,
MAC Field Scanner Season 4 Range 51 Column 15,PI569421,334.0,12950.0,,
MAC Field Scanner Season 4 Range 51 Column 2,PI535795,230.0,13450.0,62.0,70.0
MAC Field Scanner Season 4 Range 51 Column 3,PI145633,295.0,17740.0,91.0,
MAC Field Scanner Season 4 Range 51 Column 4,PI586435,301.0,22790.0,62.0,
MAC Field Scanner Season 4 Range 51 Column 5,PI641825,258.0,23210.0,63.0,70.0
MAC Field Scanner Season 4 Range 51 Column 6,PI570106,309.0,14040.0,,
MAC Field Scanner Season 4 Range 51 Column 7,PI641830,213.0,14240.0,,56.0
MAC Field Scanner Season 4 Range 51 Column 8,PI19770,280.0,24470.0,62.0,68.0
MAC Field Scanner Season 4 Range 51 Column 9,PI641862,308.0,20250.0,58.0,64.0
MAC Field Scanner Season 4 Range 52 Column 10,PI329510,361.0,29500.0,,
MAC Field Scanner Season 4 Range 52 Column 11,PI157030,350.0,20650.0,,
MAC Field Scanner Season 4 Range 52 Column 12,PI329480,204.0,18520.0,,
MAC Field Scanner Season 4 Range 52 Column 13,PI330168,337.0,37670.0,,
MAC Field Scanner Season 4 Range 52 Column 14,PI329618,326.0,17310.0,,
MAC Field Scanner Season 4 Range 52 Column 15,PI569459,148.0,15790.0,,
MAC Field Scanner Season 4 Range 52 Column 2,PI585954,139.0,14740.0,,
MAC Field Scanner Season 4 Range 52 Column 3,PI562991,325.0,17220.0,,
MAC Field Scanner Season 4 Range 52 Column 4,PI155760,341.0,29240.0,,
MAC Field Scanner Season 4 Range 52 Column 5,PI330184,233.0,9829.0,,
MAC Field Scanner Season 4 Range 52 Column 6,PI152751,375.0,30780.0,,
MAC Field Scanner Season 4 Range 52 Column 7,PI329299,389.0,35770.0,,
MAC Field Scanner Season 4 Range 52 Column 8,PI505735,230.0,20460.0,,
MAC Field Scanner Season 4 Range 52 Column 9,PI562994,191.0,16710.0,,
MAC Field Scanner Season 4 Range 53 Column 10,Big_Kahuna,252.0,14700.0,,
MAC Field Scanner Season 4 Range 53 Column 11,SP1615,264.0,33050.0,,
MAC Field Scanner Season 4 Range 53 Column 12,Big_Kahuna,251.0,15130.0,,
MAC Field Scanner Season 4 Range 53 Column 13,SP1615,368.0,34620.0,,
MAC Field Scanner Season 4 Range 53 Column 14,Big_Kahuna,245.0,15510.0,,
MAC Field Scanner Season 4 Range 53 Column 15,SP1615,247.0,29650.0,,
MAC Field Scanner Season 4 Range 53 Column 2,Big_Kahuna,253.0,16040.0,,
MAC Field Scanner Season 4 Range 53 Column 3,SP1615,271.0,32080.0,,
MAC Field Scanner Season 4 Range 53 Column 4,Big_Kahuna,378.0,16230.0,,
MAC Field Scanner Season 4 Range 53 Column 5,SP1615,276.0,38580.0,,
MAC Field Scanner Season 4 Range 53 Column 6,Big_Kahuna,374.0,15700.0,,
MAC Field Scanner Season 4 Range 53 Column 7,SP1615,287.0,31570.0,,
MAC Field Scanner Season 4 Range 53 Column 8,Big_Kahuna,273.0,18890.0,,
MAC Field Scanner Season 4 Range 53 Column 9,SP1615,395.0,31810.0,,
MAC Field Scanner Season 4 Range 6 Column 10,PI563009,393.0,21590.0,,
MAC Field Scanner Season 4 Range 6 Column 11,PI562982,406.0,41840.0,,
MAC Field Scanner Season 4 Range 6 Column 12,PI329517,378.0,19820.0,,
MAC Field Scanner Season 4 Range 6 Column 13,PI643008,348.0,27850.0,,
MAC Field Scanner Season 4 Range 6 Column 14,PI152751,283.0,26770.0,,
MAC Field Scanner Season 4 Range 6 Column 15,PI152733,395.0,27270.0,,
MAC Field Scanner Season 4 Range 6 Column 2,PI570075,415.0,14710.0,,
MAC Field Scanner Season 4 Range 6 Column 3,PI569423,309.0,14430.0,,
MAC Field Scanner Season 4 Range 6 Column 4,PI329286,186.0,17300.0,,
MAC Field Scanner Season 4 Range 6 Column 5,PI329403,411.0,29810.0,,
MAC Field Scanner Season 4 Range 6 Column 6,PI569148,229.0,26780.0,,
MAC Field Scanner Season 4 Range 6 Column 7,PI570038,387.0,22980.0,,
MAC Field Scanner Season 4 Range 6 Column 8,PI329646,406.0,17700.0,,
MAC Field Scanner Season 4 Range 6 Column 9,PI570110,374.0,30120.0,,
MAC Field Scanner Season 4 Range 7 Column 10,PI569419,317.0,7878.0,,
MAC Field Scanner Season 4 Range 7 Column 11,PI619807,188.0,26180.0,,
MAC Field Scanner Season 4 Range 7 Column 12,PI521290,223.0,27020.0,,
MAC Field Scanner Season 4 Range 7 Column 13,PI562732,383.0,31570.0,,
MAC Field Scanner Season 4 Range 7 Column 14,PI568717,368.0,23270.0,,
MAC Field Scanner Season 4 Range 7 Column 15,PI329471,235.0,9079.0,,
MAC Field Scanner Season 4 Range 7 Column 2,PI303658,327.0,42000.0,,
MAC Field Scanner Season 4 Range 7 Column 3,PI570085,348.0,16360.0,,
MAC Field Scanner Season 4 Range 7 Column 4,PI329710,339.0,23870.0,,
MAC Field Scanner Season 4 Range 7 Column 5,PI329644,213.0,54870.0,,
MAC Field Scanner Season 4 Range 7 Column 6,PI646242,216.0,32700.0,,
MAC Field Scanner Season 4 Range 7 Column 7,PI155516,339.0,23980.0,,
MAC Field Scanner Season 4 Range 7 Column 8,PI152694,253.0,26430.0,62.0,64.0
MAC Field Scanner Season 4 Range 7 Column 9,PI562897,236.0,37200.0,,
MAC Field Scanner Season 4 Range 8 Column 10,PI510757,376.0,7531.0,,
MAC Field Scanner Season 4 Range 8 Column 11,PI330199,237.0,20330.0,,
MAC Field Scanner Season 4 Range 8 Column 12,PI329865,405.0,25720.0,,
MAC Field Scanner Season 4 Range 8 Column 13,PI154750,230.0,26540.0,,
MAC Field Scanner Season 4 Range 8 Column 14,PI521280,212.0,19480.0,,
MAC Field Scanner Season 4 Range 8 Column 15,PI156487,208.0,19160.0,,
MAC Field Scanner Season 4 Range 8 Column 2,PI176766,260.0,18790.0,62.0,64.0
MAC Field Scanner Season 4 Range 8 Column 3,PI506122,316.0,23260.0,,
MAC Field Scanner Season 4 Range 8 Column 4,PI329584,307.0,5968.0,,
MAC Field Scanner Season 4 Range 8 Column 5,PI156178,188.0,14310.0,,
MAC Field Scanner Season 4 Range 8 Column 6,PI562990,190.0,15810.0,,
MAC Field Scanner Season 4 Range 8 Column 7,PI330195,204.0,28670.0,,
MAC Field Scanner Season 4 Range 8 Column 8,PI570145,381.0,15460.0,,
MAC Field Scanner Season 4 Range 8 Column 9,PI329510,394.0,34810.0,,
MAC Field Scanner Season 4 Range 9 Column 10,PI329319,158.0,1673.0,,
MAC Field Scanner Season 4 Range 9 Column 11,PI570431,403.0,47210.0,,
MAC Field Scanner Season 4 Range 9 Column 12,PI257600,404.0,23260.0,,
MAC Field Scanner Season 4 Range 9 Column 13,PI276837,393.0,35060.0,,
MAC Field Scanner Season 4 Range 9 Column 14,Unknown off type,362.0,12080.0,50.0,58.0
MAC Field Scanner Season 4 Range 9 Column 15,PI569454,346.0,23020.0,,
MAC Field Scanner Season 4 Range 9 Column 2,PI569416,118.0,9052.0,,
MAC Field Scanner Season 4 Range 9 Column 3,PI569457,329.0,18450.0,,
MAC Field Scanner Season 4 Range 9 Column 4,PI521152,375.0,27930.0,,
MAC Field Scanner Season 4 Range 9 Column 5,PI569452,387.0,19620.0,,
MAC Field Scanner Season 4 Range 9 Column 6,PI329351,252.0,13300.0,,
MAC Field Scanner Season 4 Range 9 Column 7,PI585961,337.0,24140.0,,
MAC Field Scanner Season 4 Range 9 Column 8,PI563350,214.0,24100.0,,
MAC Field Scanner Season 4 Range 9 Column 9,PI643016,290.0,42720.0,,
